Id,GEOID,median_rent,moe_median_rent
8600000US16619,16619,529,11
8600000US16826,16826,679,12
8600000US15338,15338,578,13
8600000US17064,17064,951,13
8600000US15202,15202,729,15
8600000US15429,15429,583,15
8600000US16503,16503,666,15
8600000US16350,16350,573,16
8600000US15631,15631,681,17
8600000US18505,18505,724,17
8600000US15018,15018,727,18
8600000US15861,15861,680,18
8600000US16214,16214,623,18
8600000US16317,16317,635,18
8600000US19104,19104,932,18
8600000US15218,15218,777,19
8600000US15412,15412,715,19
8600000US16001,16001,691,19
8600000US16155,16155,778,19
8600000US16508,16508,714,19
8600000US17020,17020,775,19
8600000US17211,17211,766,19
8600000US19143,19143,863,19
8600000US15019,15019,677,20
8600000US17572,17572,780,20
8600000US19013,19013,822,20
8600000US19020,19020,1137,20
8600000US19134,19134,871,20
8600000US15380,15380,621,21
8600000US16865,16865,947,21
8600000US18218,18218,622,21
8600000US15724,15724,676,22
8600000US15860,15860,528,22
8600000US16701,16701,616,22
8600000US17701,17701,767,22
8600000US18102,18102,892,22
8600000US18848,18848,733,22
8600000US19116,19116,937,22
8600000US19149,19149,1085,22
8600000US15423,15423,723,23
8600000US15601,15601,680,23
8600000US19114,19114,1071,23
8600000US19115,19115,944,23
8600000US19121,19121,781,23
8600000US19139,19139,844,23
8600000US15221,15221,785,24
8600000US15232,15232,1101,24
8600000US15902,15902,575,24
8600000US16323,16323,606,24
8600000US16371,16371,578,24
8600000US17109,17109,937,24
8600000US18504,18504,741,24
8600000US19607,19607,965,24
8600000US15068,15068,678,25
8600000US15132,15132,622,25
8600000US19050,19050,901,25
8600000US19111,19111,958,25
8600000US19140,19140,816,25
8600000US19141,19141,808,25
8600000US19144,19144,865,25
8600000US15224,15224,844,26
8600000US17602,17602,913,26
8600000US17747,17747,728,26
8600000US18517,18517,738,26
8600000US15220,15220,952,27
8600000US15370,15370,665,27
8600000US16115,16115,634,27
8600000US16248,16248,609,27
8600000US17340,17340,862,27
8600000US18847,18847,700,27
8600000US19120,19120,965,27
8600000US19464,19464,935,27
8600000US15210,15210,752,28
8600000US15227,15227,694,28
8600000US15401,15401,635,28
8600000US15905,15905,659,28
8600000US16695,16695,638,28
8600000US17352,17352,869,28
8600000US19131,19131,965,28
8600000US19475,19475,853,28
8600000US15701,15701,754,29
8600000US15746,15746,569,29
8600000US16301,16301,579,29
8600000US16729,16729,616,29
8600000US16878,16878,620,29
8600000US17255,17255,734,29
8600000US17268,17268,805,29
8600000US17402,17402,994,29
8600000US18042,18042,962,29
8600000US18621,18621,777,29
8600000US19021,19021,974,29
8600000US19362,19362,852,29
8600000US15909,15909,566,30
8600000US16333,16333,410,30
8600000US16502,16502,675,30
8600000US16830,16830,581,30
8600000US18018,18018,988,30
8600000US18415,18415,856,30
8600000US18603,18603,726,30
8600000US19026,19026,1070,30
8600000US19119,19119,956,30
8600000US19601,19601,759,30
8600000US15557,15557,610,31
8600000US16157,16157,546,31
8600000US16506,16506,902,31
8600000US16602,16602,675,31
8600000US16928,16928,666,31
8600000US17110,17110,979,31
8600000US17401,17401,793,31
8600000US18508,18508,788,31
8600000US19132,19132,819,31
8600000US15219,15219,669,32
8600000US15942,15942,542,32
8600000US16801,16801,989,32
8600000US17082,17082,642,32
8600000US17102,17102,805,32
8600000US17201,17201,821,32
8600000US17353,17353,857,32
8600000US17522,17522,870,32
8600000US17815,17815,757,32
8600000US19124,19124,883,32
8600000US19440,19440,973,32
8600000US15206,15206,894,33
8600000US15214,15214,763,33
8600000US15767,15767,608,33
8600000US15851,15851,557,33
8600000US16111,16111,621,33
8600000US16127,16127,669,33
8600000US16148,16148,802,33
8600000US16351,16351,482,33
8600000US16401,16401,551,33
8600000US16668,16668,442,33
8600000US16686,16686,646,33
8600000US17823,17823,725,33
8600000US18103,18103,997,33
8600000US19007,19007,913,33
8600000US19040,19040,1142,33
8600000US19133,19133,729,33
8600000US15135,15135,742,34
8600000US15136,15136,692,34
8600000US15146,15146,950,34
8600000US16057,16057,669,34
8600000US16601,16601,600,34
8600000US17045,17045,651,34
8600000US17055,17055,978,34
8600000US17238,17238,594,34
8600000US17603,17603,915,34
8600000US17980,17980,666,34
8600000US18201,18201,737,34
8600000US18510,18510,776,34
8600000US18651,18651,688,34
8600000US18834,18834,783,34
8600000US19145,19145,947,34
8600000US19602,19602,681,34
8600000US15010,15010,700,35
8600000US15205,15205,830,35
8600000US15301,15301,717,35
8600000US15757,15757,567,35
8600000US16212,16212,758,35
8600000US16354,16354,599,35
8600000US16365,16365,596,35
8600000US17313,17313,855,35
8600000US19027,19027,1023,35
8600000US19540,19540,843,35
8600000US15034,15034,516,36
8600000US15208,15208,718,36
8600000US15211,15211,940,36
8600000US15212,15212,796,36
8600000US15216,15216,833,36
8600000US15236,15236,847,36
8600000US15931,15931,688,36
8600000US16030,16030,578,36
8600000US16038,16038,693,36
8600000US17011,17011,979,36
8600000US17961,17961,676,36
8600000US18660,18660,691,36
8600000US19154,19154,1136,36
8600000US15201,15201,966,37
8600000US15226,15226,848,37
8600000US16201,16201,595,37
8600000US16403,16403,667,37
8600000US16411,16411,863,37
8600000US16438,16438,622,37
8600000US16655,16655,680,37
8600000US16661,16661,638,37
8600000US17022,17022,971,37
8600000US17724,17724,643,37
8600000US17901,17901,620,37
8600000US18630,18630,815,37
8600000US18705,18705,697,37
8600000US19512,19512,841,37
8600000US15017,15017,862,38
8600000US15464,15464,572,38
8600000US15865,15865,678,38
8600000US15920,15920,745,38
8600000US16406,16406,634,38
8600000US16509,16509,801,38
8600000US16823,16823,788,38
8600000US16845,16845,556,38
8600000US17046,17046,723,38
8600000US17099,17099,696,38
8600000US17103,17103,804,38
8600000US17331,17331,902,38
8600000US17601,17601,1088,38
8600000US17745,17745,714,38
8600000US17801,17801,639,38
8600000US18419,18419,771,38
8600000US18635,18635,719,38
8600000US18704,18704,768,38
8600000US19047,19047,1236,38
8600000US19107,19107,1214,38
8600000US19401,19401,1076,38
8600000US15003,15003,645,39
8600000US15112,15112,606,39
8600000US15140,15140,599,39
8600000US15311,15311,724,39
8600000US15329,15329,764,39
8600000US15332,15332,648,39
8600000US15717,15717,658,39
8600000US16507,16507,712,39
8600000US17253,17253,722,39
8600000US19604,19604,885,39
8600000US15501,15501,589,40
8600000US16859,16859,731,40
8600000US16946,16946,787,40
8600000US17002,17002,378,40
8600000US17033,17033,954,40
8600000US17034,17034,842,40
8600000US17042,17042,849,40
8600000US17058,17058,582,40
8600000US17403,17403,866,40
8600000US18052,18052,1038,40
8600000US18512,18512,747,40
8600000US18640,18640,788,40
8600000US19147,19147,1216,40
8600000US15129,15129,942,41
8600000US15349,15349,784,41
8600000US15352,15352,586,41
8600000US15445,15445,730,41
8600000US15825,15825,611,41
8600000US16146,16146,596,41
8600000US16335,16335,666,41
8600000US16822,16822,580,41
8600000US16920,16920,666,41
8600000US18702,18702,766,41
8600000US18706,18706,638,41
8600000US19078,19078,919,41
8600000US19126,19126,868,41
8600000US19380,19380,1387,41
8600000US15001,15001,663,42
8600000US15692,15692,580,42
8600000US15834,15834,589,42
8600000US16142,16142,624,42
8600000US16346,16346,618,42
8600000US17050,17050,1136,42
8600000US17265,17265,953,42
8600000US17866,17866,586,42
8600000US17964,17964,475,42
8600000US18017,18017,1109,42
8600000US19406,19406,1341,42
8600000US15025,15025,825,43
8600000US15104,15104,548,43
8600000US15106,15106,794,43
8600000US15120,15120,680,43
8600000US15419,15419,465,43
8600000US15935,15935,657,43
8600000US16345,16345,537,43
8600000US16630,16630,596,43
8600000US17023,17023,627,43
8600000US17307,17307,849,43
8600000US17543,17543,1068,43
8600000US17844,17844,720,43
8600000US17862,17862,707,43
8600000US17981,17981,592,43
8600000US18623,18623,721,43
8600000US18644,18644,726,43
8600000US19082,19082,911,43
8600000US15215,15215,816,44
8600000US15312,15312,694,44
8600000US15534,15534,664,44
8600000US16154,16154,682,44
8600000US16651,16651,523,44
8600000US17070,17070,786,44
8600000US17074,17074,685,44
8600000US17325,17325,832,44
8600000US18109,18109,960,44
8600000US19023,19023,971,44
8600000US19063,19063,1214,44
8600000US19146,19146,1096,44
8600000US16066,16066,1237,45
8600000US16504,16504,825,45
8600000US17025,17025,908,45
8600000US17842,17842,636,45
8600000US18214,18214,639,45
8600000US19018,19018,1012,45
8600000US19053,19053,1130,45
8600000US19320,19320,1137,45
8600000US15066,15066,652,46
8600000US15229,15229,884,46
8600000US15456,15456,636,46
8600000US15673,15673,580,46
8600000US16124,16124,573,46
8600000US16150,16150,739,46
8600000US16240,16240,510,46
8600000US16255,16255,694,46
8600000US16841,16841,742,46
8600000US16844,16844,821,46
8600000US17044,17044,642,46
8600000US17249,17249,842,46
8600000US17889,17889,765,46
8600000US19152,19152,982,46
8600000US19507,19507,969,46
8600000US15014,15014,721,47
8600000US15022,15022,647,47
8600000US15101,15101,981,47
8600000US15747,15747,636,47
8600000US16120,16120,613,47
8600000US16360,16360,600,47
8600000US17057,17057,839,47
8600000US17084,17084,755,47
8600000US17113,17113,844,47
8600000US17512,17512,776,47
8600000US17841,17841,645,47
8600000US17847,17847,619,47
8600000US17929,17929,744,47
8600000US18015,18015,941,47
8600000US18235,18235,765,47
8600000US19135,19135,896,47
8600000US19446,19446,1260,47
8600000US15102,15102,907,48
8600000US15108,15108,913,48
8600000US15148,15148,642,48
8600000US15223,15223,700,48
8600000US15314,15314,473,48
8600000US15552,15552,539,48
8600000US16041,16041,624,48
8600000US17233,17233,630,48
8600000US17834,17834,670,48
8600000US17870,17870,765,48
8600000US19056,19056,1137,48
8600000US19074,19074,927,48
8600000US19106,19106,1745,48
8600000US19128,19128,1290,48
8600000US15228,15228,861,49
8600000US15522,15522,669,49
8600000US15650,15650,647,49
8600000US15690,15690,620,49
8600000US15823,15823,541,49
8600000US15901,15901,432,49
8600000US16228,16228,706,49
8600000US16423,16423,706,49
8600000US16678,16678,651,49
8600000US17350,17350,1075,49
8600000US17737,17737,721,49
8600000US17930,17930,760,49
8600000US18064,18064,960,49
8600000US18237,18237,658,49
8600000US18444,18444,831,49
8600000US18634,18634,649,49
8600000US19428,19428,1467,49
8600000US15137,15137,695,50
8600000US16049,16049,640,50
8600000US16501,16501,385,50
8600000US16731,16731,574,50
8600000US16749,16749,669,50
8600000US18518,18518,771,50
8600000US18853,18853,739,50
8600000US18917,18917,1044,50
8600000US19030,19030,1048,50
8600000US19070,19070,934,50
8600000US15323,15323,719,51
8600000US15613,15613,687,51
8600000US15618,15618,613,51
8600000US15846,15846,507,51
8600000US16145,16145,629,51
8600000US16936,16936,788,51
8600000US17872,17872,574,51
8600000US18301,18301,1120,51
8600000US19032,19032,1294,51
8600000US19076,19076,925,51
8600000US19150,19150,986,51
8600000US19153,19153,1074,51
8600000US19335,19335,1207,51
8600000US19501,19501,821,51
8600000US15239,15239,923,52
8600000US15425,15425,522,52
8600000US16435,16435,686,52
8600000US16735,16735,605,52
8600000US17538,17538,731,52
8600000US17941,17941,585,52
8600000US19103,19103,1615,52
8600000US19130,19130,1376,52
8600000US19136,19136,867,52
8600000US15009,15009,596,53
8600000US15147,15147,745,53
8600000US15213,15213,945,53
8600000US15237,15237,1003,53
8600000US15857,15857,580,53
8600000US16866,16866,520,53
8600000US17013,17013,871,53
8600000US17063,17063,750,53
8600000US18049,18049,1010,53
8600000US18254,18254,823,53
8600000US19010,19010,1476,53
8600000US19138,19138,952,53
8600000US15021,15021,754,54
8600000US15537,15537,638,54
8600000US15906,15906,489,54
8600000US15963,15963,621,54
8600000US16125,16125,608,54
8600000US17225,17225,943,54
8600000US17264,17264,583,54
8600000US17365,17365,611,54
8600000US17404,17404,874,54
8600000US17740,17740,728,54
8600000US17752,17752,797,54
8600000US17851,17851,607,54
8600000US18045,18045,1198,54
8600000US19118,19118,1450,54
8600000US19530,19530,920,54
8600000US15062,15062,595,55
8600000US15139,15139,840,55
8600000US15550,15550,623,55
8600000US15632,15632,729,55
8600000US16242,16242,580,55
8600000US16750,16750,572,55
8600000US17112,17112,1059,55
8600000US17235,17235,1103,55
8600000US17517,17517,895,55
8600000US18447,18447,748,55
8600000US19122,19122,796,55
8600000US19610,19610,1210,55
8600000US15562,15562,683,56
8600000US15622,15622,325,56
8600000US16313,16313,631,56
8600000US17368,17368,879,56
8600000US18642,18642,777,56
8600000US18969,18969,990,56
8600000US19006,19006,1134,56
8600000US19008,19008,1215,56
8600000US19038,19038,1151,56
8600000US19061,19061,1002,56
8600000US19151,19151,1012,56
8600000US15225,15225,710,57
8600000US16665,16665,710,57
8600000US16870,16870,779,57
8600000US16947,16947,650,57
8600000US17744,17744,702,57
8600000US17821,17821,708,57
8600000US17960,17960,744,57
8600000US18252,18252,709,57
8600000US15030,15030,785,58
8600000US15049,15049,685,58
8600000US15558,15558,567,58
8600000US16137,16137,639,58
8600000US16424,16424,698,58
8600000US16803,16803,1076,58
8600000US17088,17088,921,58
8600000US18101,18101,698,58
8600000US18446,18446,641,58
8600000US18657,18657,767,58
8600000US18661,18661,851,58
8600000US19148,19148,1033,58
8600000US19468,19468,1273,58
8600000US19606,19606,1022,58
8600000US19608,19608,1174,58
8600000US15350,15350,746,59
8600000US16117,16117,725,59
8600000US16232,16232,514,59
8600000US17052,17052,646,59
8600000US17406,17406,1050,59
8600000US17814,17814,750,59
8600000US18407,18407,634,59
8600000US18641,18641,712,59
8600000US18821,18821,699,59
8600000US19054,19054,1123,59
8600000US19611,19611,697,59
8600000US15065,15065,666,60
8600000US16226,16226,643,60
8600000US16352,16352,750,60
8600000US16373,16373,677,60
8600000US16421,16421,440,60
8600000US16650,16650,643,60
8600000US17104,17104,789,60
8600000US17408,17408,1015,60
8600000US18974,18974,1342,60
8600000US19536,19536,867,60
8600000US15145,15145,527,61
8600000US15759,15759,649,61
8600000US16344,16344,605,61
8600000US16917,16917,679,61
8600000US16929,16929,718,61
8600000US17043,17043,895,61
8600000US17244,17244,886,61
8600000US18472,18472,650,61
8600000US18519,18519,695,61
8600000US19090,19090,1232,61
8600000US19382,19382,1303,61
8600000US15829,15829,613,62
8600000US16314,16314,651,62
8600000US16316,16316,694,62
8600000US17004,17004,570,62
8600000US17702,17702,813,62
8600000US17857,17857,759,62
8600000US17976,17976,630,62
8600000US18327,18327,1083,62
8600000US18509,18509,800,62
8600000US18615,18615,788,62
8600000US19002,19002,1230,62
8600000US19036,19036,1028,62
8600000US19083,19083,1091,62
8600000US19454,19454,1297,62
8600000US15045,15045,630,63
8600000US15666,15666,654,63
8600000US15714,15714,643,63
8600000US15748,15748,643,63
8600000US16045,16045,832,63
8600000US16340,16340,565,63
8600000US16836,16836,795,63
8600000US17003,17003,826,63
8600000US17111,17111,1004,63
8600000US17257,17257,904,63
8600000US18709,18709,575,63
8600000US15028,15028,580,64
8600000US15217,15217,1027,64
8600000US15234,15234,806,64
8600000US15676,15676,527,64
8600000US15904,15904,753,64
8600000US16101,16101,573,64
8600000US16636,16636,700,64
8600000US16652,16652,557,64
8600000US17552,17552,1020,64
8600000US18951,18951,999,64
8600000US15131,15131,810,65
8600000US15473,15473,603,65
8600000US15545,15545,655,65
8600000US15840,15840,755,65
8600000US15849,15849,816,65
8600000US16028,16028,556,65
8600000US16693,16693,615,65
8600000US17356,17356,882,65
8600000US18078,18078,1058,65
8600000US18249,18249,950,65
8600000US18452,18452,625,65
8600000US19067,19067,1258,65
8600000US19555,19555,825,65
8600000US15012,15012,729,66
8600000US15209,15209,803,66
8600000US15235,15235,878,66
8600000US15321,15321,697,66
8600000US15427,15427,780,66
8600000US15551,15551,614,66
8600000US15940,15940,652,66
8600000US17005,17005,704,66
8600000US17566,17566,1044,66
8600000US17959,17959,575,66
8600000US18067,18067,988,66
8600000US18229,18229,857,66
8600000US19506,19506,793,66
8600000US16233,16233,809,67
8600000US16353,16353,561,67
8600000US16922,16922,662,67
8600000US17361,17361,869,67
8600000US17366,17366,787,67
8600000US17970,17970,622,67
8600000US18829,18829,755,67
8600000US19403,19403,1319,67
8600000US15530,15530,581,68
8600000US15772,15772,637,68
8600000US15946,15946,475,68
8600000US16250,16250,1104,68
8600000US16724,16724,725,68
8600000US17267,17267,817,68
8600000US17772,17772,610,68
8600000US17853,17853,638,68
8600000US18256,18256,806,68
8600000US18964,18964,933,68
8600000US15063,15063,650,69
8600000US15486,15486,496,69
8600000US15686,15686,708,69
8600000US16743,16743,713,69
8600000US16829,16829,606,69
8600000US17021,17021,565,69
8600000US17094,17094,629,69
8600000US18614,18614,582,69
8600000US19079,19079,964,69
8600000US19129,19129,1299,69
8600000US19341,19341,1416,69
8600000US15059,15059,548,70
8600000US15324,15324,762,70
8600000US15341,15341,495,70
8600000US16872,16872,725,70
8600000US17032,17032,628,70
8600000US17830,17830,691,70
8600000US18421,18421,704,70
8600000US18433,18433,718,70
8600000US19044,19044,1238,70
8600000US15037,15037,767,71
8600000US15122,15122,621,71
8600000US15358,15358,675,71
8600000US15564,15564,436,71
8600000US15642,15642,731,71
8600000US16136,16136,615,71
8600000US16505,16505,782,71
8600000US17051,17051,606,71
8600000US17953,17953,636,71
8600000US18231,18231,780,71
8600000US19438,19438,1383,71
8600000US15461,15461,651,72
8600000US16029,16029,777,72
8600000US16238,16238,638,72
8600000US16341,16341,561,72
8600000US16372,16372,498,72
8600000US17078,17078,880,72
8600000US17562,17562,964,72
8600000US17751,17751,759,72
8600000US17963,17963,696,72
8600000US18655,18655,689,72
8600000US19001,19001,1121,72
8600000US19015,19015,1009,72
8600000US15074,15074,706,73
8600000US15331,15331,829,73
8600000US15424,15424,603,73
8600000US15610,15610,504,73
8600000US16648,16648,773,73
8600000US16915,16915,752,73
8600000US17009,17009,689,73
8600000US17061,17061,670,73
8600000US17202,17202,986,73
8600000US17557,17557,971,73
8600000US17771,17771,850,73
8600000US17859,17859,829,73
8600000US18036,18036,826,73
8600000US18202,18202,792,73
8600000US18801,18801,776,73
8600000US19022,19022,956,73
8600000US19142,19142,929,73
8600000US19462,19462,1421,73
8600000US15658,15658,713,74
8600000US15728,15728,532,74
8600000US16056,16056,628,74
8600000US16105,16105,802,74
8600000US16428,16428,735,74
8600000US17837,17837,709,74
8600000US18322,18322,917,74
8600000US18337,18337,1066,74
8600000US18411,18411,1012,74
8600000US18414,18414,804,74
8600000US18818,18818,609,74
8600000US19087,19087,1479,74
8600000US19460,19460,1189,74
8600000US19533,19533,868,74
8600000US15207,15207,703,75
8600000US15559,15559,635,75
8600000US15644,15644,678,75
8600000US15655,15655,719,75
8600000US15656,15656,606,75
8600000US15683,15683,547,75
8600000US18104,18104,1232,75
8600000US19510,19510,1116,75
8600000US15033,15033,591,76
8600000US15046,15046,799,76
8600000US15222,15222,1646,76
8600000US15475,15475,666,76
8600000US15478,15478,577,76
8600000US16950,16950,585,76
8600000US18708,18708,790,76
8600000US15067,15067,680,77
8600000US15774,15774,616,77
8600000US15824,15824,588,77
8600000US15952,15952,603,77
8600000US16130,16130,584,77
8600000US16156,16156,688,77
8600000US16662,16662,743,77
8600000US17501,17501,867,77
8600000US17764,17764,470,77
8600000US18431,18431,805,77
8600000US19057,19057,1097,77
8600000US15417,15417,601,78
8600000US15944,15944,557,78
8600000US16746,16746,709,78
8600000US17006,17006,714,78
8600000US17053,17053,845,78
8600000US18326,18326,776,78
8600000US15005,15005,660,79
8600000US15469,15469,749,79
8600000US15956,15956,605,79
8600000US16063,16063,791,79
8600000US16641,16641,645,79
8600000US16673,16673,770,79
8600000US17241,17241,825,79
8600000US17316,17316,900,79
8600000US18037,18037,967,79
8600000US18062,18062,1287,79
8600000US18080,18080,862,79
8600000US18944,18944,1174,79
8600000US19422,19422,1720,79
8600000US15801,15801,647,80
8600000US15864,15864,650,80
8600000US16259,16259,539,80
8600000US16748,16748,533,80
8600000US16912,16912,641,80
8600000US19522,19522,883,80
8600000US15315,15315,793,81
8600000US16820,16820,784,81
8600000US17015,17015,901,81
8600000US17086,17086,685,81
8600000US17344,17344,810,81
8600000US18224,18224,741,81
8600000US18240,18240,741,81
8600000US18453,18453,783,81
8600000US18701,18701,581,81
8600000US15561,15561,617,82
8600000US15627,15627,647,82
8600000US16740,16740,645,82
8600000US17266,17266,733,82
8600000US18350,18350,832,82
8600000US18466,18466,1234,82
8600000US18846,18846,955,82
8600000US19029,19029,919,82
8600000US19137,19137,1000,82
8600000US19348,19348,1124,82
8600000US16102,16102,679,83
8600000US16239,16239,675,83
8600000US17036,17036,1003,83
8600000US17068,17068,840,83
8600000US17098,17098,706,83
8600000US17315,17315,882,83
8600000US17827,17827,643,83
8600000US18091,18091,852,83
8600000US18360,18360,989,83
8600000US15071,15071,1042,84
8600000US15084,15084,688,84
8600000US15233,15233,761,84
8600000US15317,15317,889,84
8600000US15672,15672,724,84
8600000US17846,17846,706,84
8600000US18041,18041,926,84
8600000US18087,18087,1079,84
8600000US18844,18844,844,84
8600000US19075,19075,1032,84
8600000US16262,16262,707,85
8600000US16639,16639,703,85
8600000US16923,16923,638,85
8600000US17066,17066,564,85
8600000US17551,17551,1147,85
8600000US17922,17922,919,85
8600000US18643,18643,758,85
8600000US15126,15126,787,86
8600000US15853,15853,499,86
8600000US16617,16617,632,86
8600000US18255,18255,840,86
8600000US15057,15057,789,87
8600000US15133,15133,723,87
8600000US17101,17101,770,87
8600000US17547,17547,923,87
8600000US17820,17820,778,87
8600000US18073,18073,954,87
8600000US16327,16327,811,88
8600000US16930,16930,803,88
8600000US17047,17047,686,88
8600000US17062,17062,665,88
8600000US17213,17213,589,88
8600000US17314,17314,958,88
8600000US17579,17579,1046,88
8600000US17754,17754,771,88
8600000US17777,17777,649,88
8600000US18071,18071,794,88
8600000US18707,18707,610,88
8600000US18976,18976,1312,88
8600000US19508,19508,939,88
8600000US44425,44425,644,88
8600000US15845,15845,498,89
8600000US16370,16370,569,89
8600000US16511,16511,718,89
8600000US16933,16933,718,89
8600000US17017,17017,677,89
8600000US19064,19064,1204,89
8600000US19123,19123,1259,89
8600000US19342,19342,1819,89
8600000US15116,15116,877,90
8600000US15696,15696,696,90
8600000US17059,17059,652,90
8600000US17243,17243,442,90
8600000US19072,19072,1450,90
8600000US16025,16025,673,91
8600000US16407,16407,699,91
8600000US16669,16669,595,91
8600000US17554,17554,941,91
8600000US17756,17756,736,91
8600000US17836,17836,840,91
8600000US18210,18210,1370,91
8600000US18434,18434,683,91
8600000US15938,15938,600,92
8600000US16222,16222,622,92
8600000US17965,17965,714,92
8600000US18013,18013,951,92
8600000US18032,18032,826,92
8600000US18077,18077,1065,92
8600000US15061,15061,672,93
8600000US15637,15637,951,93
8600000US16720,16720,638,93
8600000US17329,17329,918,93
8600000US17921,17921,477,93
8600000US19046,19046,1154,93
8600000US15035,15035,709,94
8600000US15081,15081,578,94
8600000US15739,15739,793,94
8600000US16876,16876,792,94
8600000US16925,16925,811,94
8600000US17067,17067,776,94
8600000US17835,17835,824,94
8600000US18031,18031,1558,94
8600000US19003,19003,1296,94
8600000US19363,19363,955,94
8600000US16442,16442,581,95
8600000US16948,16948,516,95
8600000US18088,18088,885,95
8600000US19465,19465,1078,95
8600000US15466,15466,729,96
8600000US16858,16858,1050,96
8600000US17345,17345,879,96
8600000US19014,19014,1031,96
8600000US19505,19505,956,96
8600000US19526,19526,802,96
8600000US15435,15435,842,97
8600000US16875,16875,848,97
8600000US18014,18014,992,97
8600000US15954,15954,574,98
8600000US16374,16374,673,98
8600000US18822,18822,740,98
8600000US18901,18901,1379,98
8600000US19004,19004,1361,98
8600000US16412,16412,787,99
8600000US17778,17778,625,99
8600000US18840,18840,748,99
8600000US19355,19355,1541,99
8600000US15056,15056,802,100
8600000US15626,15626,700,100
8600000US15924,15924,680,100
8600000US16691,16691,835,100
8600000US17060,17060,596,100
8600000US17362,17362,818,100
8600000US17569,17569,1038,100
8600000US18076,18076,851,100
8600000US15958,15958,635,101
8600000US16033,16033,775,101
8600000US16258,16258,718,101
8600000US17339,17339,915,101
8600000US18020,18020,1215,101
8600000US15077,15077,575,102
8600000US15320,15320,406,102
8600000US16218,16218,936,102
8600000US17222,17222,744,102
8600000US18336,18336,949,102
8600000US18962,18962,1072,102
8600000US15870,15870,498,103
8600000US16229,16229,708,103
8600000US16637,16637,783,103
8600000US17073,17073,739,103
8600000US17881,17881,561,103
8600000US18837,18837,911,103
8600000US19565,19565,889,103
8600000US15477,15477,649,104
8600000US16023,16023,846,104
8600000US16061,16061,704,104
8600000US18833,18833,738,104
8600000US19125,19125,1038,104
8600000US15345,15345,656,105
8600000US16245,16245,669,105
8600000US16671,16671,675,105
8600000US17563,17563,1040,105
8600000US17728,17728,820,105
8600000US15054,15054,736,106
8600000US15641,15641,530,106
8600000US16254,16254,671,106
8600000US17758,17758,977,106
8600000US18625,18625,615,106
8600000US17812,17812,691,107
8600000US18083,18083,1040,107
8600000US18914,18914,1293,107
8600000US15238,15238,944,108
8600000US15533,15533,661,108
8600000US17040,17040,784,108
8600000US18040,18040,912,108
8600000US19127,19127,1445,108
8600000US19344,19344,1220,108
8600000US15204,15204,903,109
8600000US16611,16611,653,109
8600000US16914,16914,718,109
8600000US17019,17019,849,109
8600000US17301,17301,983,109
8600000US19095,19095,1488,109
8600000US16510,16510,755,110
8600000US17302,17302,1065,110
8600000US16121,16121,718,111
8600000US16230,16230,638,111
8600000US17545,17545,991,111
8600000US17935,17935,644,111
8600000US16440,16440,640,112
8600000US16635,16635,801,112
8600000US17810,17810,745,112
8600000US17864,17864,683,112
8600000US19311,19311,1333,112
8600000US15055,15055,643,113
8600000US15327,15327,760,113
8600000US16112,16112,688,113
8600000US16404,16404,675,113
8600000US17972,17972,725,113
8600000US18456,18456,875,113
8600000US18617,18617,598,113
8600000US18656,18656,715,113
8600000US18966,18966,1482,113
8600000US19525,19525,1070,113
8600000US15360,15360,738,114
8600000US16441,16441,652,114
8600000US18232,18232,626,114
8600000US18250,18250,910,114
8600000US19520,19520,856,114
8600000US15721,15721,631,115
8600000US16153,16153,623,115
8600000US16161,16161,621,115
8600000US16901,16901,693,115
8600000US17578,17578,840,115
8600000US18072,18072,878,115
8600000US19301,19301,1351,115
8600000US19365,19365,991,115
8600000US17931,17931,814,116
8600000US19033,19033,1112,116
8600000US19310,19310,971,116
8600000US19444,19444,1513,116
8600000US18940,18940,1457,117
8600000US19405,19405,1023,117
8600000US19529,19529,1029,117
8600000US15620,15620,691,118
8600000US15711,15711,725,118
8600000US15936,15936,644,118
8600000US18055,18055,1003,118
8600000US15725,15725,646,119
8600000US16050,16050,675,119
8600000US16882,16882,669,119
8600000US16932,16932,979,120
8600000US17509,17509,908,120
8600000US17774,17774,692,120
8600000US15344,15344,708,121
8600000US15431,15431,613,121
8600000US15778,15778,863,121
8600000US17048,17048,756,121
8600000US17069,17069,689,121
8600000US17349,17349,1018,121
8600000US18854,18854,957,121
8600000US19330,19330,1153,121
8600000US15629,15629,610,122
8600000US15765,15765,663,122
8600000US16415,16415,791,122
8600000US17319,17319,1036,122
8600000US17540,17540,988,122
8600000US17813,17813,853,122
8600000US17884,17884,675,122
8600000US18832,18832,760,122
8600000US15110,15110,598,123
8600000US16319,16319,708,123
8600000US16833,16833,639,123
8600000US18810,18810,496,123
8600000US19504,19504,870,123
8600000US15203,15203,1098,124
8600000US15322,15322,634,124
8600000US15468,15468,692,124
8600000US16034,16034,588,124
8600000US16625,16625,706,124
8600000US19562,19562,744,124
8600000US15362,15362,672,125
8600000US15868,15868,569,125
8600000US17845,17845,725,125
8600000US19096,19096,1491,125
8600000US15060,15060,671,126
8600000US15089,15089,536,126
8600000US16613,16613,683,126
8600000US16732,16732,458,126
8600000US16853,16853,725,126
8600000US16926,16926,875,126
8600000US18436,18436,990,126
8600000US19358,19358,1164,126
8600000US15144,15144,665,127
8600000US15359,15359,725,127
8600000US16417,16417,610,127
8600000US19086,19086,1213,127
8600000US15925,15925,1069,128
8600000US18211,18211,825,128
8600000US18244,18244,729,128
8600000US18248,18248,817,128
8600000US19317,19317,1648,128
8600000US15438,15438,675,129
8600000US15554,15554,823,129
8600000US18428,18428,1042,129
8600000US19605,19605,994,129
8600000US17829,17829,731,130
8600000US17967,17967,629,130
8600000US18507,18507,760,130
8600000US15670,15670,635,131
8600000US15948,15948,596,131
8600000US16256,16256,525,131
8600000US17221,17221,809,131
8600000US17320,17320,885,131
8600000US18343,18343,1045,131
8600000US19312,19312,1461,131
8600000US16921,16921,717,132
8600000US18612,18612,869,132
8600000US19034,19034,1171,132
8600000US19343,19343,1626,132
8600000US15088,15088,700,133
8600000US17087,17087,853,133
8600000US18631,18631,890,133
8600000US15722,15722,558,134
8600000US16647,16647,578,134
8600000US17080,17080,769,134
8600000US17236,17236,770,134
8600000US17948,17948,675,134
8600000US19551,19551,799,134
8600000US15474,15474,754,135
8600000US16022,16022,581,135
8600000US16055,16055,917,135
8600000US16848,16848,647,135
8600000US17030,17030,671,135
8600000US17327,17327,927,136
8600000US19372,19372,1621,136
8600000US15357,15357,449,137
8600000US15665,15665,984,137
8600000US15697,15697,540,137
8600000US15715,15715,585,137
8600000US15738,15738,800,137
8600000US19543,19543,941,137
8600000US17035,17035,475,138
8600000US15479,15479,609,139
8600000US15538,15538,600,139
8600000US17223,17223,591,139
8600000US17518,17518,1151,139
8600000US15143,15143,1063,140
8600000US15943,15943,498,140
8600000US16134,16134,648,140
8600000US17229,17229,663,140
8600000US18011,18011,1407,140
8600000US18405,18405,947,140
8600000US19333,19333,1472,140
8600000US19539,19539,1091,140
8600000US17304,17304,841,141
8600000US17372,17372,831,141
8600000US18219,18219,780,142
8600000US15679,15679,540,143
8600000US15337,15337,563,144
8600000US15732,15732,681,144
8600000US16443,16443,725,144
8600000US16627,16627,600,145
8600000US17018,17018,816,145
8600000US17347,17347,1059,145
8600000US17584,17584,1187,145
8600000US18618,18618,974,145
8600000US18626,18626,725,145
8600000US15333,15333,693,146
8600000US15437,15437,642,146
8600000US16433,16433,669,146
8600000US16738,16738,671,146
8600000US17355,17355,883,146
8600000US19492,19492,2309,146
8600000US17938,17938,606,147
8600000US18465,18465,763,147
8600000US16249,16249,546,148
8600000US17721,17721,698,148
8600000US18812,18812,1024,148
8600000US15863,15863,819,149
8600000US17065,17065,790,149
8600000US15681,15681,645,150
8600000US16624,16624,608,150
8600000US17237,17237,942,150
8600000US17886,17886,931,150
8600000US18058,18058,926,150
8600000US19041,19041,1525,151
8600000US19102,19102,1996,151
8600000US15442,15442,692,152
8600000US15521,15521,683,152
8600000US15531,15531,516,153
8600000US15848,15848,646,153
8600000US16046,16046,1325,153
8600000US16692,16692,633,153
8600000US17240,17240,913,154
8600000US18330,18330,1256,154
8600000US16667,16667,575,155
8600000US16679,16679,543,155
8600000US17306,17306,1188,155
8600000US17529,17529,811,155
8600000US18461,18461,763,155
8600000US19541,19541,955,155
8600000US15050,15050,828,156
8600000US16623,16623,441,156
8600000US16646,16646,646,156
8600000US17925,17925,690,156
8600000US18106,18106,1280,156
8600000US16160,16160,752,157
8600000US16342,16342,654,158
8600000US17516,17516,840,158
8600000US15027,15027,493,159
8600000US16666,16666,608,159
8600000US16053,16053,681,160
8600000US16410,16410,906,160
8600000US16838,16838,755,160
8600000US16940,16940,442,160
8600000US17024,17024,742,160
8600000US17880,17880,675,160
8600000US18424,18424,1087,160
8600000US16426,16426,862,161
8600000US16434,16434,671,161
8600000US17360,17360,1111,161
8600000US15052,15052,650,162
8600000US15535,15535,694,162
8600000US16674,16674,821,162
8600000US17214,17214,690,162
8600000US17407,17407,1054,162
8600000US18938,18938,1454,162
8600000US15617,15617,725,163
8600000US15436,15436,598,164
8600000US16159,16159,639,164
8600000US19390,19390,1047,164
8600000US15926,15926,656,165
8600000US16362,16362,583,165
8600000US18426,18426,951,165
8600000US15663,15663,496,166
8600000US16114,16114,688,166
8600000US18216,18216,802,166
8600000US18328,18328,1248,166
8600000US18473,18473,738,166
8600000US18830,18830,819,166
8600000US15411,15411,750,167
8600000US15434,15434,592,167
8600000US16024,16024,990,167
8600000US15928,15928,873,168
8600000US16131,16131,685,168
8600000US16874,16874,671,169
8600000US17555,17555,812,169
8600000US17582,17582,706,170
8600000US18629,18629,870,170
8600000US19567,19567,824,170
8600000US16224,16224,661,171
8600000US17081,17081,234,171
8600000US17560,17560,1086,171
8600000US18503,18503,405,171
8600000US16854,16854,786,172
8600000US16347,16347,504,173
8600000US18054,18054,923,173
8600000US18960,18960,1128,173
8600000US19473,19473,946,173
8600000US17983,17983,640,174
8600000US18403,18403,693,175
8600000US18445,18445,892,175
8600000US15342,15342,809,176
8600000US16326,16326,475,176
8600000US18823,18823,340,176
8600000US19043,19043,1093,176
8600000US18850,18850,788,177
8600000US15085,15085,725,178
8600000US16927,16927,661,178
8600000US17581,17581,696,178
8600000US17888,17888,633,178
8600000US19503,19503,881,178
8600000US18074,18074,1169,179
8600000US19350,19350,1448,179
8600000US18092,18092,1130,181
8600000US18372,18372,918,181
8600000US19609,19609,965,181
8600000US15684,15684,432,183
8600000US16141,16141,525,183
8600000US15064,15064,924,185
8600000US16143,16143,708,185
8600000US15367,15367,1201,186
8600000US15541,15541,584,186
8600000US15750,15750,744,186
8600000US16133,16133,740,186
8600000US07832,7832,1269,187
8600000US17252,17252,669,187
8600000US17262,17262,753,187
8600000US17765,17765,675,188
8600000US17071,17071,820,190
8600000US17860,17860,770,191
8600000US15090,15090,1307,192
8600000US16020,16020,757,192
8600000US16827,16827,977,192
8600000US17936,17936,617,192
8600000US17978,17978,658,193
8600000US18970,18970,900,193
8600000US15480,15480,573,194
8600000US15761,15761,850,194
8600000US17519,17519,899,194
8600000US17876,17876,702,194
8600000US19560,19560,1193,194
8600000US18053,18053,1063,195
8600000US17049,17049,608,196
8600000US17247,17247,1248,196
8600000US15024,15024,802,197
8600000US15042,15042,980,198
8600000US15428,15428,775,198
8600000US18324,18324,1328,198
8600000US17954,17954,609,199
8600000US18826,18826,677,199
8600000US15330,15330,751,200
8600000US15482,15482,670,200
8600000US16943,16943,619,200
8600000US17321,17321,1023,200
8600000US17527,17527,944,200
8600000US19547,19547,1157,200
8600000US17027,17027,1200,201
8600000US18239,18239,867,201
8600000US15241,15241,1291,202
8600000US18069,18069,1125,202
8600000US15962,15962,1042,203
8600000US15636,15636,781,204
8600000US16311,16311,625,204
8600000US16621,16621,550,204
8600000US15243,15243,1201,205
8600000US15368,15368,592,205
8600000US19035,19035,1479,206
8600000US17224,17224,546,207
8600000US18034,18034,1312,207
8600000US18610,18610,1148,207
8600000US15856,15856,775,208
8600000US17007,17007,894,208
8600000US17856,17856,775,208
8600000US18302,18302,1146,208
8600000US18828,18828,857,208
8600000US16828,16828,1015,209
8600000US15459,15459,493,210
8600000US17550,17550,1073,210
8600000US17985,17985,1063,210
8600000US18470,18470,698,210
8600000US15351,15351,693,211
8600000US15376,15376,709,211
8600000US16040,16040,542,211
8600000US16680,16680,850,211
8600000US18246,18246,869,212
8600000US18902,18902,1570,213
8600000US16640,16640,533,214
8600000US16683,16683,383,214
8600000US18070,18070,1143,214
8600000US17038,17038,830,216
8600000US19012,19012,1085,216
8600000US15563,15563,669,217
8600000US16939,16939,1156,217
8600000US15536,15536,975,219
8600000US15756,15756,593,219
8600000US18616,18616,575,219
8600000US18347,18347,943,220
8600000US15753,15753,675,222
8600000US16405,16405,838,222
8600000US16210,16210,713,223
8600000US19055,19055,1084,223
8600000US17363,17363,884,225
8600000US15961,15961,600,226
8600000US17370,17370,852,226
8600000US18325,18325,863,226
8600000US17565,17565,1129,227
8600000US15771,15771,386,229
8600000US16657,16657,599,229
8600000US17868,17868,901,229
8600000US17974,17974,627,229
8600000US18441,18441,648,229
8600000US18636,18636,783,229
8600000US15937,15937,589,231
8600000US19031,19031,1314,231
8600000US16659,16659,683,232
8600000US17093,17093,1305,233
8600000US17502,17502,1194,233
8600000US16745,16745,675,234
8600000US15542,15542,655,235
8600000US15736,15736,747,235
8600000US17311,17311,775,236
8600000US15015,15015,247,238
8600000US17028,17028,733,239
8600000US15026,15026,775,240
8600000US18824,18824,944,242
8600000US17855,17855,944,246
8600000US17850,17850,595,247
8600000US17968,17968,775,247
8600000US16054,16054,663,249
8600000US16664,16664,742,249
8600000US18241,18241,678,250
8600000US16235,16235,675,251
8600000US16938,16938,875,252
8600000US16051,16051,704,253
8600000US18344,18344,881,253
8600000US19426,19426,1342,254
8600000US15432,15432,595,256
8600000US19094,19094,889,257
8600000US16726,16726,542,259
8600000US18030,18030,581,264
8600000US17505,17505,734,267
8600000US18351,18351,1077,267
8600000US16246,16246,833,269
8600000US18370,18370,1457,270
8600000US18066,18066,1094,271
8600000US19559,19559,900,271
8600000US18845,18845,1063,273
8600000US19374,19374,1103,273
8600000US18972,18972,1178,274
8600000US15623,15623,815,275
8600000US19373,19373,1258,275
8600000US15716,15716,637,276
8600000US17037,17037,866,276
8600000US18443,18443,894,277
8600000US17878,17878,758,278
8600000US18334,18334,1320,279
8600000US15639,15639,545,280
8600000US15470,15470,928,281
8600000US19081,19081,1136,281
8600000US18346,18346,988,284
8600000US17606,17606,1576,285
8600000US19518,19518,1128,286
8600000US16116,16116,550,287
8600000US16835,16835,750,287
8600000US15051,15051,1030,288
8600000US15078,15078,697,291
8600000US19534,19534,809,291
8600000US15340,15340,805,292
8600000US15483,15483,725,292
8600000US17324,17324,753,292
8600000US16151,16151,494,294
8600000US16402,16402,759,294
8600000US16672,16672,650,294
8600000US17228,17228,694,296
8600000US15742,15742,595,297
8600000US15668,15668,1090,298
8600000US16328,16328,950,298
8600000US16427,16427,930,298
8600000US15547,15547,788,299
8600000US17322,17322,1213,299
8600000US17535,17535,1053,299
8600000US18085,18085,890,299
8600000US18464,18464,1266,299
8600000US18353,18353,862,304
8600000US18942,18942,1047,306
8600000US18439,18439,713,314
8600000US17520,17520,1087,315
8600000US17090,17090,668,316
8600000US15634,15634,531,317
8600000US17532,17532,879,318
8600000US16620,16620,592,319
8600000US16942,16942,1000,322
8600000US18425,18425,1158,323
8600000US17762,17762,788,324
8600000US17776,17776,709,324
8600000US15688,15688,765,326
8600000US15313,15313,915,327
8600000US17934,17934,642,327
8600000US18619,18619,1150,327
8600000US18632,18632,781,327
8600000US17097,17097,907,333
8600000US15364,15364,795,334
8600000US16645,16645,663,335
8600000US15923,15923,575,339
8600000US16002,16002,864,344
8600000US18947,18947,1099,344
8600000US17923,17923,625,345
8600000US18831,18831,756,351
8600000US18929,18929,1762,360
8600000US18930,18930,1181,360
8600000US18355,18355,1399,361
8600000US17767,17767,715,363
8600000US18955,18955,910,364
8600000US17749,17749,775,369
8600000US16059,16059,1768,370
8600000US16634,16634,395,372
8600000US17026,17026,536,372
8600000US19073,19073,1579,382
8600000US17824,17824,809,383
8600000US19425,19425,1624,384
8600000US17016,17016,2216,385
8600000US16364,16364,805,386
8600000US16123,16123,544,388
8600000US16935,16935,833,388
8600000US18437,18437,675,397
8600000US19009,19009,1167,397
8600000US15762,15762,675,399
8600000US17317,17317,950,400
8600000US17260,17260,811,401
8600000US18628,18628,713,402
8600000US15960,15960,692,408
8600000US17760,17760,766,412
8600000US18230,18230,783,413
8600000US17364,17364,647,418
8600000US15043,15043,709,425
8600000US15560,15560,775,425
8600000US15661,15661,904,425
8600000US15727,15727,836,426
8600000US18954,18954,1946,426
8600000US15310,15310,458,427
8600000US16420,16420,600,428
8600000US15083,15083,807,430
8600000US15783,15783,606,430
8600000US16037,16037,838,432
8600000US15451,15451,492,435
8600000US17748,17748,929,437
8600000US18814,18814,775,440
8600000US15628,15628,575,443
8600000US18417,18417,700,443
8600000US18458,18458,988,449
8600000US16832,16832,721,456
8600000US15053,15053,843,457
8600000US16027,16027,696,458
8600000US15687,15687,606,459
8600000US18462,18462,600,459
8600000US16879,16879,882,465
8600000US16863,16863,802,482
8600000US19352,19352,1131,483
8600000US16113,16113,544,484
8600000US15638,15638,1037,491
8600000US15847,15847,654,495
8600000US19549,19549,1000,495
8600000US15678,15678,548,497
8600000US17536,17536,708,497
8600000US18332,18332,780,504
8600000US16656,16656,713,517
8600000US15377,15377,758,537
8600000US15828,15828,663,547
8600000US19025,19025,1962,551
8600000US15675,15675,850,552
8600000US19085,19085,2207,569
8600000US16036,16036,588,577
8600000US15363,15363,821,578
8600000US15031,15031,1307,580
8600000US19060,19060,1732,583
8600000US16052,16052,980,598
8600000US15611,15611,1161,600
8600000US15348,15348,1018,649
8600000US16852,16852,1018,666
8600000US18851,18851,1054,667
8600000US18817,18817,917,668
8600000US16877,16877,1523,682
8600000US17309,17309,765,687
8600000US17982,17982,913,706
8600000US18321,18321,946,707
8600000US18038,18038,913,726
8600000US17867,17867,1375,777
8600000US18602,18602,1600,783
8600000US15044,15044,1204,798
8600000US17217,17217,1010,842
8600000US17318,17318,1088,918
8600000US18335,18335,1741,976
8600000US19436,19436,1696,984
8600000US18925,18925,1227,1004
8600000US19066,19066,2219,1070
8600000US18051,18051,1468,1242
8600000US18977,18977,1538,1423
8600000US15004,15004,,
8600000US15006,15006,,
8600000US15007,15007,,
8600000US15020,15020,,
8600000US15038,15038,,
8600000US15047,15047,,
8600000US15072,15072,,
8600000US15075,15075,,
8600000US15076,15076,,
8600000US15082,15082,,
8600000US15086,15086,,
8600000US15087,15087,,
8600000US15142,15142,,
8600000US15260,15260,,
8600000US15290,15290,,
8600000US15316,15316,,
8600000US15325,15325,,
8600000US15334,15334,,
8600000US15346,15346,,
8600000US15347,15347,,
8600000US15353,15353,,
8600000US15361,15361,,
8600000US15366,15366,,
8600000US15378,15378,,
8600000US15379,15379,,
8600000US15410,15410,,
8600000US15413,15413,,
8600000US15420,15420,,
8600000US15421,15421,,
8600000US15422,15422,,
8600000US15430,15430,,
8600000US15433,15433,,
8600000US15440,15440,,
8600000US15443,15443,,
8600000US15444,15444,,
8600000US15446,15446,,
8600000US15447,15447,,
8600000US15448,15448,,
8600000US15449,15449,,
8600000US15450,15450,,
8600000US15454,15454,,
8600000US15455,15455,,
8600000US15458,15458,,
8600000US15460,15460,,
8600000US15462,15462,,
8600000US15463,15463,,
8600000US15467,15467,,
8600000US15472,15472,,
8600000US15476,15476,,
8600000US15484,15484,,
8600000US15489,15489,,
8600000US15490,15490,,
8600000US15492,15492,,
8600000US15502,15502,,
8600000US15510,15510,,
8600000US15520,15520,,
8600000US15532,15532,,
8600000US15539,15539,,
8600000US15540,15540,,
8600000US15544,15544,,
8600000US15546,15546,,
8600000US15555,15555,,
8600000US15612,15612,,
8600000US15615,15615,,
8600000US15616,15616,,
8600000US15621,15621,,
8600000US15624,15624,,
8600000US15625,15625,,
8600000US15633,15633,,
8600000US15635,15635,,
8600000US15640,15640,,
8600000US15646,15646,,
8600000US15647,15647,,
8600000US15660,15660,,
8600000US15662,15662,,
8600000US15671,15671,,
8600000US15677,15677,,
8600000US15680,15680,,
8600000US15689,15689,,
8600000US15691,15691,,
8600000US15693,15693,,
8600000US15695,15695,,
8600000US15698,15698,,
8600000US15710,15710,,
8600000US15712,15712,,
8600000US15713,15713,,
8600000US15723,15723,,
8600000US15729,15729,,
8600000US15730,15730,,
8600000US15731,15731,,
8600000US15733,15733,,
8600000US15734,15734,,
8600000US15737,15737,,
8600000US15741,15741,,
8600000US15744,15744,,
8600000US15745,15745,,
8600000US15752,15752,,
8600000US15754,15754,,
8600000US15760,15760,,
8600000US15764,15764,,
8600000US15770,15770,,
8600000US15773,15773,,
8600000US15775,15775,,
8600000US15776,15776,,
8600000US15777,15777,,
8600000US15779,15779,,
8600000US15780,15780,,
8600000US15781,15781,,
8600000US15784,15784,,
8600000US15821,15821,,
8600000US15827,15827,,
8600000US15832,15832,,
8600000US15841,15841,,
8600000US15866,15866,,
8600000US15921,15921,,
8600000US15922,15922,,
8600000US15927,15927,,
8600000US15929,15929,,
8600000US15930,15930,,
8600000US15934,15934,,
8600000US15945,15945,,
8600000US15949,15949,,
8600000US15951,15951,,
8600000US15953,15953,,
8600000US15955,15955,,
8600000US15957,15957,,
8600000US16035,16035,,
8600000US16048,16048,,
8600000US16110,16110,,
8600000US16132,16132,,
8600000US16140,16140,,
8600000US16211,16211,,
8600000US16213,16213,,
8600000US16217,16217,,
8600000US16223,16223,,
8600000US16236,16236,,
8600000US16244,16244,,
8600000US16253,16253,,
8600000US16260,16260,,
8600000US16263,16263,,
8600000US16312,16312,,
8600000US16321,16321,,
8600000US16322,16322,,
8600000US16329,16329,,
8600000US16331,16331,,
8600000US16332,16332,,
8600000US16334,16334,,
8600000US16343,16343,,
8600000US16361,16361,,
8600000US16416,16416,,
8600000US16422,16422,,
8600000US16436,16436,,
8600000US16444,16444,,
8600000US16546,16546,,
8600000US16563,16563,,
8600000US16616,16616,,
8600000US16622,16622,,
8600000US16631,16631,,
8600000US16633,16633,,
8600000US16638,16638,,
8600000US16670,16670,,
8600000US16677,16677,,
8600000US16682,16682,,
8600000US16685,16685,,
8600000US16689,16689,,
8600000US16694,16694,,
8600000US16699,16699,,
8600000US16725,16725,,
8600000US16727,16727,,
8600000US16728,16728,,
8600000US16730,16730,,
8600000US16733,16733,,
8600000US16734,16734,,
8600000US16744,16744,,
8600000US16802,16802,,
8600000US16821,16821,,
8600000US16825,16825,,
8600000US16834,16834,,
8600000US16837,16837,,
8600000US16839,16839,,
8600000US16840,16840,,
8600000US16843,16843,,
8600000US16847,16847,,
8600000US16849,16849,,
8600000US16851,16851,,
8600000US16855,16855,,
8600000US16860,16860,,
8600000US16861,16861,,
8600000US16868,16868,,
8600000US16871,16871,,
8600000US16881,16881,,
8600000US16911,16911,,
8600000US16937,16937,,
8600000US16941,16941,,
8600000US17010,17010,,
8600000US17029,17029,,
8600000US17039,17039,,
8600000US17041,17041,,
8600000US17056,17056,,
8600000US17072,17072,,
8600000US17075,17075,,
8600000US17076,17076,,
8600000US17077,17077,,
8600000US17083,17083,,
8600000US17120,17120,,
8600000US17210,17210,,
8600000US17212,17212,,
8600000US17215,17215,,
8600000US17219,17219,,
8600000US17220,17220,,
8600000US17239,17239,,
8600000US17246,17246,,
8600000US17250,17250,,
8600000US17251,17251,,
8600000US17254,17254,,
8600000US17256,17256,,
8600000US17261,17261,,
8600000US17263,17263,,
8600000US17270,17270,,
8600000US17271,17271,,
8600000US17272,17272,,
8600000US17343,17343,,
8600000US17371,17371,,
8600000US17507,17507,,
8600000US17508,17508,,
8600000US17570,17570,,
8600000US17576,17576,,
8600000US17723,17723,,
8600000US17727,17727,,
8600000US17729,17729,,
8600000US17730,17730,,
8600000US17731,17731,,
8600000US17739,17739,,
8600000US17742,17742,,
8600000US17750,17750,,
8600000US17763,17763,,
8600000US17768,17768,,
8600000US17779,17779,,
8600000US17822,17822,,
8600000US17832,17832,,
8600000US17840,17840,,
8600000US17861,17861,,
8600000US17865,17865,,
8600000US17885,17885,,
8600000US17887,17887,,
8600000US17920,17920,,
8600000US17933,17933,,
8600000US17943,17943,,
8600000US17944,17944,,
8600000US17945,17945,,
8600000US17946,17946,,
8600000US17949,17949,,
8600000US17951,17951,,
8600000US17952,17952,,
8600000US17957,17957,,
8600000US17979,17979,,
8600000US18016,18016,,
8600000US18035,18035,,
8600000US18046,18046,,
8600000US18056,18056,,
8600000US18059,18059,,
8600000US18063,18063,,
8600000US18068,18068,,
8600000US18079,18079,,
8600000US18081,18081,,
8600000US18086,18086,,
8600000US18105,18105,,
8600000US18195,18195,,
8600000US18212,18212,,
8600000US18220,18220,,
8600000US18221,18221,,
8600000US18222,18222,,
8600000US18223,18223,,
8600000US18225,18225,,
8600000US18234,18234,,
8600000US18242,18242,,
8600000US18245,18245,,
8600000US18251,18251,,
8600000US18323,18323,,
8600000US18331,18331,,
8600000US18333,18333,,
8600000US18340,18340,,
8600000US18342,18342,,
8600000US18349,18349,,
8600000US18352,18352,,
8600000US18354,18354,,
8600000US18356,18356,,
8600000US18357,18357,,
8600000US18371,18371,,
8600000US18413,18413,,
8600000US18420,18420,,
8600000US18427,18427,,
8600000US18430,18430,,
8600000US18435,18435,,
8600000US18438,18438,,
8600000US18451,18451,,
8600000US18454,18454,,
8600000US18455,18455,,
8600000US18457,18457,,
8600000US18459,18459,,
8600000US18460,18460,,
8600000US18463,18463,,
8600000US18469,18469,,
8600000US18471,18471,,
8600000US18622,18622,,
8600000US18624,18624,,
8600000US18653,18653,,
8600000US18816,18816,,
8600000US18825,18825,,
8600000US18842,18842,,
8600000US18843,18843,,
8600000US18912,18912,,
8600000US18913,18913,,
8600000US18915,18915,,
8600000US18920,18920,,
8600000US18923,18923,,
8600000US18932,18932,,
8600000US18935,18935,,
8600000US18936,18936,,
8600000US18950,18950,,
8600000US18980,18980,,
8600000US19017,19017,,
8600000US19109,19109,,
8600000US19112,19112,,
8600000US19113,19113,,
8600000US19316,19316,,
8600000US19319,19319,,
8600000US19345,19345,,
8600000US19367,19367,,
8600000US19375,19375,,
8600000US19383,19383,,
8600000US19435,19435,,
8600000US19437,19437,,
8600000US19442,19442,,
8600000US19453,19453,,
8600000US19456,19456,,
8600000US19457,19457,,
8600000US19472,19472,,
8600000US19474,19474,,
8600000US19477,19477,,
8600000US19511,19511,,
8600000US19519,19519,,
8600000US19523,19523,,
8600000US19535,19535,,
8600000US19538,19538,,
8600000US19542,19542,,
8600000US19544,19544,,
8600000US19545,19545,,
8600000US19550,19550,,
8600000US19554,19554,,
8600000US19564,19564,,
